event_id,page_view_id,domain_sessionid,app_id,event_in_session_index,domain_userid,network_userid,user_id,ecommerce_user_id,derived_tstamp,derived_tstamp_date,cart_id,cart_currency,cart_total_value,cart_created,cart_emptied,cart_transacted,ecommerce_action_type
5ba0c2a3-aa1a-48d3-88f2-e3d9be704390,594fd9d6-e2a7-4fd1-9898-831eaedc1590,996606dcff3c830229a5971b18ac3cf771d5e08b07b4e7f4b36716cbaaf7a6f6,ecom-accel,41,aed8d83b8a7a6f51c06b7d61472629e9a0975398f2fd08c4feb11a64d6f53438,a9d66a2b99230e83a7700214f69cd58bf34d6e7d9d257fd5a7b11eacea276640,,,2022-10-25 08:29:52.397000+00:00,2022-10-25,,EUR,0.0,,True,False,remove_from_cart
b865b5ae-92ba-42b0-bfe2-bb023d84310e,ff65ac69-74b7-48f1-b109-328b6262d294,03a92439d2eeda1a27f9e7d11051fddd9295c09203b61b068b539d845f9a1e74,ecom-accel,10,b5b80a599a651fa350188d5d8840bbe0c6f6807427cc3e95dca1972e74509c66,a9d66a2b99230e83a7700214f69cd58bf34d6e7d9d257fd5a7b11eacea276640,,,2022-10-25 07:51:21.720000+00:00,2022-10-25,,EUR,0.0,,True,False,remove_from_cart
b68c29cd-092f-4f26-9d2c-2b5853089814,0a5b832c-200d-41ed-8d54-093175dcbda7,4c1b6a7a2bb600e8c4f32e2fdcb57d4a97e1089e9a4b7f2594acbf264114d7a3,ecom-accel,1,a50e8cd1d4671cb37fedf19955e061e46f7a9e71111818ff573a4bb29a327585,a9d66a2b99230e83a7700214f69cd58bf34d6e7d9d257fd5a7b11eacea276640,,,2022-10-25 07:50:41.532000+00:00,2022-10-25,,EUR,0.0,,True,False,remove_from_cart
5d21c0ea-e34e-4444-8497-99f3b0ca8a5e,8871a039-5df7-44b2-a835-335f3554bd0b,507cdaf6bd778996476f68eeb739b485a31c75197a3b7b1dbac12ef0044bd6f2,ecom-accel,8,3cc81fdebe575e10fa7faf2799d231e093aa46b51de443194e5d41e6926e4f0d,a9d66a2b99230e83a7700214f69cd58bf34d6e7d9d257fd5a7b11eacea276640,,,2022-10-25 08:13:49.207000+00:00,2022-10-25,,EUR,0.0,,True,False,remove_from_cart
8001071d-f0ab-4b89-b95f-69c3fb6ed559,1a14c488-ce26-4dd6-8e5e-559618dba9d3,996606dcff3c830229a5971b18ac3cf771d5e08b07b4e7f4b36716cbaaf7a6f6,ecom-accel,25,aed8d83b8a7a6f51c06b7d61472629e9a0975398f2fd08c4feb11a64d6f53438,a9d66a2b99230e83a7700214f69cd58bf34d6e7d9d257fd5a7b11eacea276640,,,2022-10-25 08:29:07.872000+00:00,2022-10-25,,EUR,0.0,,True,False,remove_from_cart
ab8bcdec-1a4c-4683-bf82-698478572a1d,a5ea1fd2-995e-45f0-b484-844497478d1e,996606dcff3c830229a5971b18ac3cf771d5e08b07b4e7f4b36716cbaaf7a6f6,ecom-accel,48,aed8d83b8a7a6f51c06b7d61472629e9a0975398f2fd08c4feb11a64d6f53438,a9d66a2b99230e83a7700214f69cd58bf34d6e7d9d257fd5a7b11eacea276640,,,2022-10-25 08:30:12.748000+00:00,2022-10-25,,EUR,0.0,,True,False,remove_from_cart
d111c005-431e-4fdd-9a4e-2a5adb78bff5,e9ce3e9c-d60e-48da-a573-41d7fbc86f5b,7a8e2fd857cd6f9981456e79adf960ac608754eb91908a1b6f8fc81d37e2b7be,ecom-accel,15,2715230d4fa61224a67b715dc41c3d5816960aa43c687b86216face6c43f0c53,a9d66a2b99230e83a7700214f69cd58bf34d6e7d9d257fd5a7b11eacea276640,,,2022-10-25 07:55:09.842000+00:00,2022-10-25,,EUR,25.0,,False,False,remove_from_cart
dad62ae7-8472-4a56-ac07-cf7e60ab0338,a237916e-87ae-42f7-b1d4-b3b7b72b6785,43be59d87041838249c1ccda96a6581911cc6064e6fff7aa6716cc42f161df9a,ecom-accel,35,39e02562ff36520f6339b28c9fbe83dce1835b2a450494ef622f1f0f919dbc60,a9d66a2b99230e83a7700214f69cd58bf34d6e7d9d257fd5a7b11eacea276640,,,2022-10-25 08:11:08.441000+00:00,2022-10-25,,EUR,25.0,,False,False,remove_from_cart
7d6743ff-a999-4772-aa02-aef7f17ce8d6,e79f7d60-2146-4246-aa4c-a45a1a666b9c,d6fdc9567bacd3dff8fea59770348eba11272f323a3829ed080605c394b102ae,ecom-accel,6,0a225e4eb9b6840ee0e24ea14044195a4f41a6b8a979194e92df49c734a4eb46,a9d66a2b99230e83a7700214f69cd58bf34d6e7d9d257fd5a7b11eacea276640,,,2022-10-25 07:52:42.280000+00:00,2022-10-25,,EUR,25.0,,False,False,remove_from_cart
5c7ab69e-0168-4c62-84fc-701b65b219f7,ed7c78e1-3451-45d2-b6ed-208b594983d1,996606dcff3c830229a5971b18ac3cf771d5e08b07b4e7f4b36716cbaaf7a6f6,ecom-accel,13,aed8d83b8a7a6f51c06b7d61472629e9a0975398f2fd08c4feb11a64d6f53438,a9d66a2b99230e83a7700214f69cd58bf34d6e7d9d257fd5a7b11eacea276640,,,2022-10-25 08:28:44.485000+00:00,2022-10-25,,EUR,25.0,,False,False,remove_from_cart
3aa2815a-a9a9-46e5-b0cb-91c77cd4efc4,331ae749-febb-4612-87b2-4c1fdfa6e7e3,bbcf9fb2fcb583dec133a6ee760201e1f9e584b9bb099492e497ca3d5872d662,ecom-accel,1,e20b2423dc2ae8f39d857a0b6f76007027624334c5cc4b365f77bf8c4af0aa68,a9d66a2b99230e83a7700214f69cd58bf34d6e7d9d257fd5a7b11eacea276640,,,2022-10-25 07:49:55.526000+00:00,2022-10-25,,EUR,15.0,False,False,False,add_to_cart
61b7682d-1704-448b-8670-d5b68854daaf,a5ea1fd2-995e-45f0-b484-844497478d1e,996606dcff3c830229a5971b18ac3cf771d5e08b07b4e7f4b36716cbaaf7a6f6,ecom-accel,47,aed8d83b8a7a6f51c06b7d61472629e9a0975398f2fd08c4feb11a64d6f53438,a9d66a2b99230e83a7700214f69cd58bf34d6e7d9d257fd5a7b11eacea276640,,,2022-10-25 08:30:11.063000+00:00,2022-10-25,,EUR,15.0,True,False,False,add_to_cart
26eacf8d-95bf-4497-bb55-cbd706838885,8871a039-5df7-44b2-a835-335f3554bd0b,507cdaf6bd778996476f68eeb739b485a31c75197a3b7b1dbac12ef0044bd6f2,ecom-accel,7,3cc81fdebe575e10fa7faf2799d231e093aa46b51de443194e5d41e6926e4f0d,a9d66a2b99230e83a7700214f69cd58bf34d6e7d9d257fd5a7b11eacea276640,,,2022-10-25 08:13:47.659000+00:00,2022-10-25,,EUR,15.0,True,False,False,add_to_cart
4c2d9f34-232d-4dec-a403-a45bb6102bfa,7f102fee-1cb1-4a6e-8363-70a014afbd17,179d4aec169c6fbbf119763cffcdcac8bf065e18167d3bc0d79fd0b4914f5bda,ecom-accel,17,783e85d8214a6902ca431946afc2e2dadc0777af2194d98b76a12837187760b4,a9d66a2b99230e83a7700214f69cd58bf34d6e7d9d257fd5a7b11eacea276640,,,2022-10-25 08:13:01.907000+00:00,2022-10-25,,EUR,15.0,True,False,False,add_to_cart
483eb5ba-1164-40c4-b101-1a55cfe2b6bc,1a14c488-ce26-4dd6-8e5e-559618dba9d3,996606dcff3c830229a5971b18ac3cf771d5e08b07b4e7f4b36716cbaaf7a6f6,ecom-accel,24,aed8d83b8a7a6f51c06b7d61472629e9a0975398f2fd08c4feb11a64d6f53438,a9d66a2b99230e83a7700214f69cd58bf34d6e7d9d257fd5a7b11eacea276640,,,2022-10-25 08:29:04.566000+00:00,2022-10-25,,EUR,15.0,True,False,False,add_to_cart
ec098e49-fd1a-43b4-a2aa-146df69107c1,594fd9d6-e2a7-4fd1-9898-831eaedc1590,996606dcff3c830229a5971b18ac3cf771d5e08b07b4e7f4b36716cbaaf7a6f6,ecom-accel,40,aed8d83b8a7a6f51c06b7d61472629e9a0975398f2fd08c4feb11a64d6f53438,a9d66a2b99230e83a7700214f69cd58bf34d6e7d9d257fd5a7b11eacea276640,,,2022-10-25 08:29:50.586000+00:00,2022-10-25,,EUR,15.0,True,False,False,add_to_cart
6a1b893e-cd6e-4086-9170-6730e7c4b461,dda5186d-ffd2-4c51-8bc1-a3cc65d845be,8466766a0101ecf4d609217bb265be2ed2abb3ac563b99c807d1f1d8edadfd1d,ecom-accel,24,c5f05cbc8c021de4f50a59f14b7c50fd59bfdce1b06c0d8fa9df04db63753575,a9d66a2b99230e83a7700214f69cd58bf34d6e7d9d257fd5a7b11eacea276640,,,2022-10-25 08:09:48.567000+00:00,2022-10-25,,EUR,15.0,True,False,False,add_to_cart
1fe69847-eecc-4177-9a79-13b79b68e10b,ff65ac69-74b7-48f1-b109-328b6262d294,03a92439d2eeda1a27f9e7d11051fddd9295c09203b61b068b539d845f9a1e74,ecom-accel,9,b5b80a599a651fa350188d5d8840bbe0c6f6807427cc3e95dca1972e74509c66,a9d66a2b99230e83a7700214f69cd58bf34d6e7d9d257fd5a7b11eacea276640,,,2022-10-25 07:51:19.255000+00:00,2022-10-25,,EUR,15.0,True,False,False,add_to_cart
8dc9c692-3e41-432e-813d-763ebc534a24,d3088e22-c73b-4f3e-9bb3-26ed873b5f3e,7a8e2fd857cd6f9981456e79adf960ac608754eb91908a1b6f8fc81d37e2b7be,ecom-accel,5,2715230d4fa61224a67b715dc41c3d5816960aa43c687b86216face6c43f0c53,a9d66a2b99230e83a7700214f69cd58bf34d6e7d9d257fd5a7b11eacea276640,,,2022-10-25 07:53:50.080000+00:00,2022-10-25,,EUR,15.0,True,False,False,add_to_cart
77262846-60aa-4a9c-9ed6-9d1c6f6c6987,1a1cdb2a-a8f8-49fc-b866-73c8c68d1768,8466766a0101ecf4d609217bb265be2ed2abb3ac563b99c807d1f1d8edadfd1d,ecom-accel,16,c5f05cbc8c021de4f50a59f14b7c50fd59bfdce1b06c0d8fa9df04db63753575,a9d66a2b99230e83a7700214f69cd58bf34d6e7d9d257fd5a7b11eacea276640,,,2022-10-25 08:09:28.796000+00:00,2022-10-25,,EUR,25.0,True,False,False,add_to_cart
295db59c-9671-46ac-a442-d85105ba215f,098c8876-74cf-4287-911d-911bedc1a084,179d4aec169c6fbbf119763cffcdcac8bf065e18167d3bc0d79fd0b4914f5bda,ecom-accel,27,783e85d8214a6902ca431946afc2e2dadc0777af2194d98b76a12837187760b4,a9d66a2b99230e83a7700214f69cd58bf34d6e7d9d257fd5a7b11eacea276640,,,2022-10-25 08:13:25.987000+00:00,2022-10-25,,EUR,25.0,True,False,False,add_to_cart
06c6517f-c9ac-4be5-91f8-abc46af88632,7e0e5768-f7f0-40a8-a31f-2a7c6c167c3d,e5d3f1d874f31c91d72cb5f2c98b14b972b761213de54a1cd8d512931ab7d113,ecom-accel,14,523de34a9a90896cb7336d32c1454663807f7c657fa90bf9d620b4a58f81173d,a9d66a2b99230e83a7700214f69cd58bf34d6e7d9d257fd5a7b11eacea276640,,,2022-10-25 08:28:09.655000+00:00,2022-10-25,,EUR,25.0,True,False,False,add_to_cart
7c20b70f-6370-4841-a59b-e3f80a0cf0fc,1a14c488-ce26-4dd6-8e5e-559618dba9d3,996606dcff3c830229a5971b18ac3cf771d5e08b07b4e7f4b36716cbaaf7a6f6,ecom-accel,26,aed8d83b8a7a6f51c06b7d61472629e9a0975398f2fd08c4feb11a64d6f53438,a9d66a2b99230e83a7700214f69cd58bf34d6e7d9d257fd5a7b11eacea276640,,,2022-10-25 08:29:11.862000+00:00,2022-10-25,,EUR,25.0,True,False,False,add_to_cart
cf762ca2-c541-4401-a70a-a1e71b5d4d08,a5ea1fd2-995e-45f0-b484-844497478d1e,996606dcff3c830229a5971b18ac3cf771d5e08b07b4e7f4b36716cbaaf7a6f6,ecom-accel,49,aed8d83b8a7a6f51c06b7d61472629e9a0975398f2fd08c4feb11a64d6f53438,a9d66a2b99230e83a7700214f69cd58bf34d6e7d9d257fd5a7b11eacea276640,,,2022-10-25 08:30:13.934000+00:00,2022-10-25,,EUR,25.0,True,False,False,add_to_cart
919f437a-5105-4115-a55a-2cf2f3c00989,31a1dccf-fa3c-4575-88de-c662c85853c4,996606dcff3c830229a5971b18ac3cf771d5e08b07b4e7f4b36716cbaaf7a6f6,ecom-accel,33,aed8d83b8a7a6f51c06b7d61472629e9a0975398f2fd08c4feb11a64d6f53438,a9d66a2b99230e83a7700214f69cd58bf34d6e7d9d257fd5a7b11eacea276640,,,2022-10-25 08:29:33.284000+00:00,2022-10-25,,EUR,25.0,True,False,False,add_to_cart
31f45908-cd63-49e3-a7bd-0f3579cc1ad2,ebddf94d-8a0e-45da-9e6f-57dc205ac052,43be59d87041838249c1ccda96a6581911cc6064e6fff7aa6716cc42f161df9a,ecom-accel,7,39e02562ff36520f6339b28c9fbe83dce1835b2a450494ef622f1f0f919dbc60,a9d66a2b99230e83a7700214f69cd58bf34d6e7d9d257fd5a7b11eacea276640,,,2022-10-25 08:10:17.228000+00:00,2022-10-25,,EUR,25.0,True,False,False,add_to_cart
6da9be9e-a222-417f-b515-937a65e46610,594fd9d6-e2a7-4fd1-9898-831eaedc1590,996606dcff3c830229a5971b18ac3cf771d5e08b07b4e7f4b36716cbaaf7a6f6,ecom-accel,42,aed8d83b8a7a6f51c06b7d61472629e9a0975398f2fd08c4feb11a64d6f53438,a9d66a2b99230e83a7700214f69cd58bf34d6e7d9d257fd5a7b11eacea276640,,,2022-10-25 08:29:57.143000+00:00,2022-10-25,,EUR,25.0,True,False,False,add_to_cart
0addc6c2-8002-4739-bd4e-ffe97b0f9c9a,a237916e-87ae-42f7-b1d4-b3b7b72b6785,43be59d87041838249c1ccda96a6581911cc6064e6fff7aa6716cc42f161df9a,ecom-accel,34,39e02562ff36520f6339b28c9fbe83dce1835b2a450494ef622f1f0f919dbc60,a9d66a2b99230e83a7700214f69cd58bf34d6e7d9d257fd5a7b11eacea276640,,,2022-10-25 08:11:06.984000+00:00,2022-10-25,,EUR,40.0,True,False,False,add_to_cart
03a0116b-80fb-457d-86a1-0e4eebcb4768,f82c2c96-b96b-4278-aaf7-2064926a1fa2,43be59d87041838249c1ccda96a6581911cc6064e6fff7aa6716cc42f161df9a,ecom-accel,21,39e02562ff36520f6339b28c9fbe83dce1835b2a450494ef622f1f0f919dbc60,a9d66a2b99230e83a7700214f69cd58bf34d6e7d9d257fd5a7b11eacea276640,,,2022-10-25 08:10:42.191000+00:00,2022-10-25,,EUR,40.0,True,False,False,add_to_cart
a6549124-9d48-4c58-9ca9-c9346a447046,ed7c78e1-3451-45d2-b6ed-208b594983d1,996606dcff3c830229a5971b18ac3cf771d5e08b07b4e7f4b36716cbaaf7a6f6,ecom-accel,12,aed8d83b8a7a6f51c06b7d61472629e9a0975398f2fd08c4feb11a64d6f53438,a9d66a2b99230e83a7700214f69cd58bf34d6e7d9d257fd5a7b11eacea276640,,,2022-10-25 08:28:42.052000+00:00,2022-10-25,,EUR,40.0,True,False,False,add_to_cart
7fee9045-c3b5-4610-9ed0-67feb798e6df,e79f7d60-2146-4246-aa4c-a45a1a666b9c,d6fdc9567bacd3dff8fea59770348eba11272f323a3829ed080605c394b102ae,ecom-accel,5,0a225e4eb9b6840ee0e24ea14044195a4f41a6b8a979194e92df49c734a4eb46,a9d66a2b99230e83a7700214f69cd58bf34d6e7d9d257fd5a7b11eacea276640,,,2022-10-25 07:52:40.733000+00:00,2022-10-25,,EUR,40.0,True,False,False,add_to_cart
ea8abebc-e6dd-4b86-8e80-5154490c3dbe,f7695a2f-13c0-473d-911e-67631b412e28,7a8e2fd857cd6f9981456e79adf960ac608754eb91908a1b6f8fc81d37e2b7be,ecom-accel,26,2715230d4fa61224a67b715dc41c3d5816960aa43c687b86216face6c43f0c53,a9d66a2b99230e83a7700214f69cd58bf34d6e7d9d257fd5a7b11eacea276640,,U12345,2022-10-25 07:56:06.407000+00:00,2022-10-25,,EUR,0.0,,True,False,remove_from_cart
7045789f-60e8-4265-ac65-9295173402bc,ab2c6722-a745-4c33-ba66-26810eca09d3,7a8e2fd857cd6f9981456e79adf960ac608754eb91908a1b6f8fc81d37e2b7be,ecom-accel,37,2715230d4fa61224a67b715dc41c3d5816960aa43c687b86216face6c43f0c53,a9d66a2b99230e83a7700214f69cd58bf34d6e7d9d257fd5a7b11eacea276640,,U12345,2022-10-25 07:56:52.038000+00:00,2022-10-25,,EUR,25.0,,False,False,remove_from_cart
326440d1-eb41-466c-a413-18a5c6f2490d,f7695a2f-13c0-473d-911e-67631b412e28,7a8e2fd857cd6f9981456e79adf960ac608754eb91908a1b6f8fc81d37e2b7be,ecom-accel,25,2715230d4fa61224a67b715dc41c3d5816960aa43c687b86216face6c43f0c53,a9d66a2b99230e83a7700214f69cd58bf34d6e7d9d257fd5a7b11eacea276640,,U12345,2022-10-25 07:56:05.225000+00:00,2022-10-25,,EUR,15.0,True,False,False,add_to_cart
05b20084-3dce-47b0-b9bd-8bdf4383b1f7,f7695a2f-13c0-473d-911e-67631b412e28,7a8e2fd857cd6f9981456e79adf960ac608754eb91908a1b6f8fc81d37e2b7be,ecom-accel,27,2715230d4fa61224a67b715dc41c3d5816960aa43c687b86216face6c43f0c53,a9d66a2b99230e83a7700214f69cd58bf34d6e7d9d257fd5a7b11eacea276640,,U12345,2022-10-25 07:56:09.111000+00:00,2022-10-25,,EUR,25.0,True,False,False,add_to_cart
8680a8cc-20a3-4ec0-8ddb-aa86c35a5d37,ab2c6722-a745-4c33-ba66-26810eca09d3,7a8e2fd857cd6f9981456e79adf960ac608754eb91908a1b6f8fc81d37e2b7be,ecom-accel,36,2715230d4fa61224a67b715dc41c3d5816960aa43c687b86216face6c43f0c53,a9d66a2b99230e83a7700214f69cd58bf34d6e7d9d257fd5a7b11eacea276640,,U12345,2022-10-25 07:56:51+00:00,2022-10-25,,EUR,40.0,True,False,False,add_to_cart
8b14465b-7523-4e9b-8a09-9af60c806d73,5e0949f7-d3a6-4de1-913c-91909baa5e65,7a8e2fd857cd6f9981456e79adf960ac608754eb91908a1b6f8fc81d37e2b7be,ecom-accel,14,2715230d4fa61224a67b715dc41c3d5816960aa43c687b86216face6c43f0c53,a9d66a2b99230e83a7700214f69cd58bf34d6e7d9d257fd5a7b11eacea276640,,U12345,2022-10-25 07:54:59.958000+00:00,2022-10-25,,EUR,40.0,True,False,False,add_to_cart
7f12d1c9-ca92-4c40-9ca2-6fbba17d8c60,b2772b9b-51d4-4f84-93a9-f5a2e5ccc6f5,7a8e2fd857cd6f9981456e79adf960ac608754eb91908a1b6f8fc81d37e2b7be,ecom-accel,18,2715230d4fa61224a67b715dc41c3d5816960aa43c687b86216face6c43f0c53,a9d66a2b99230e83a7700214f69cd58bf34d6e7d9d257fd5a7b11eacea276640,,,2022-10-25 07:55:13.982000+00:00,2022-10-25,,,,,,True,transaction
5a2ec007-027b-41fb-b19d-83baf6668ff0,4f7bb0ac-8be6-4b29-8d2e-18cb74849558,7a8e2fd857cd6f9981456e79adf960ac608754eb91908a1b6f8fc81d37e2b7be,ecom-accel,8,2715230d4fa61224a67b715dc41c3d5816960aa43c687b86216face6c43f0c53,a9d66a2b99230e83a7700214f69cd58bf34d6e7d9d257fd5a7b11eacea276640,,,2022-10-25 07:54:20.975000+00:00,2022-10-25,,,,,,True,transaction
01ebeeb1-2b52-4b3a-95b2-d81f840dd59a,8b762689-757e-4f5e-9a4d-95d009693e9a,43be59d87041838249c1ccda96a6581911cc6064e6fff7aa6716cc42f161df9a,ecom-accel,24,39e02562ff36520f6339b28c9fbe83dce1835b2a450494ef622f1f0f919dbc60,a9d66a2b99230e83a7700214f69cd58bf34d6e7d9d257fd5a7b11eacea276640,,,2022-10-25 08:10:47.205000+00:00,2022-10-25,,,,,,True,transaction
8dd110c6-d72c-4d7e-8538-30a2d6332c9d,fa2e1e17-4a50-42b7-a9a4-77beae3c7d24,43be59d87041838249c1ccda96a6581911cc6064e6fff7aa6716cc42f161df9a,ecom-accel,10,39e02562ff36520f6339b28c9fbe83dce1835b2a450494ef622f1f0f919dbc60,a9d66a2b99230e83a7700214f69cd58bf34d6e7d9d257fd5a7b11eacea276640,,,2022-10-25 08:10:24.908000+00:00,2022-10-25,,,,,,True,transaction
103576b2-b319-4d3d-8e52-5ea2984dd19f,93d5a98a-e735-454e-8ce6-73991a81001a,d6fdc9567bacd3dff8fea59770348eba11272f323a3829ed080605c394b102ae,ecom-accel,9,0a225e4eb9b6840ee0e24ea14044195a4f41a6b8a979194e92df49c734a4eb46,a9d66a2b99230e83a7700214f69cd58bf34d6e7d9d257fd5a7b11eacea276640,,,2022-10-25 07:52:51.165000+00:00,2022-10-25,,,,,,True,transaction
4baaa6ee-54ff-4747-b9d2-56b7019f94b9,17738fec-723e-4496-800e-4daa3d907c2e,8466766a0101ecf4d609217bb265be2ed2abb3ac563b99c807d1f1d8edadfd1d,ecom-accel,27,c5f05cbc8c021de4f50a59f14b7c50fd59bfdce1b06c0d8fa9df04db63753575,a9d66a2b99230e83a7700214f69cd58bf34d6e7d9d257fd5a7b11eacea276640,,,2022-10-25 08:09:54.564000+00:00,2022-10-25,,,,,,True,transaction
67b2e6dd-7ce4-4748-989b-6d66bc9147f8,87308bcf-08d6-4422-b58b-2c5fb12c0e69,8466766a0101ecf4d609217bb265be2ed2abb3ac563b99c807d1f1d8edadfd1d,ecom-accel,17,c5f05cbc8c021de4f50a59f14b7c50fd59bfdce1b06c0d8fa9df04db63753575,a9d66a2b99230e83a7700214f69cd58bf34d6e7d9d257fd5a7b11eacea276640,,,2022-10-25 08:09:31.868000+00:00,2022-10-25,,,,,,True,transaction
78d8107c-790d-4b71-a897-b439ac1773b0,70bfc471-2e65-4315-8a6f-8a1e5880fa43,996606dcff3c830229a5971b18ac3cf771d5e08b07b4e7f4b36716cbaaf7a6f6,ecom-accel,52,aed8d83b8a7a6f51c06b7d61472629e9a0975398f2fd08c4feb11a64d6f53438,a9d66a2b99230e83a7700214f69cd58bf34d6e7d9d257fd5a7b11eacea276640,,,2022-10-25 08:30:18.208000+00:00,2022-10-25,,,,,,True,transaction
fb1ddf7f-a240-4440-ba61-8179bfeaed4a,62d96eaa-3b02-44e7-9cf6-8099ce245968,7a8e2fd857cd6f9981456e79adf960ac608754eb91908a1b6f8fc81d37e2b7be,ecom-accel,30,2715230d4fa61224a67b715dc41c3d5816960aa43c687b86216face6c43f0c53,a9d66a2b99230e83a7700214f69cd58bf34d6e7d9d257fd5a7b11eacea276640,,U12345,2022-10-25 07:56:13.651000+00:00,2022-10-25,,,,,,True,transaction
295a97ba-7318-4ec7-9131-397c5b8b4122,4e21e53a-8601-4464-b1ee-b7e26508c067,9681591f679e7c40886ef5d7213108bf90224c1534a137f276d11d9bf930119a,ecom-accel,29,3d386b5bcd88234cbd4717b1a7f050e7f6a3e028697249ff5c562a750ea908c3,30a15f2ce74d717ef144cd9bcb9c11a7a0feccc60dbb93c5b1dbe40575a1b50e,,,2022-11-17 10:21:40.276000+00:00,2022-11-17,,,,,,True,transaction
f65604b8-afe4-4eb2-8935-952b66beda16,a7d23964-025a-4242-96f6-6f2a949590ba,9681591f679e7c40886ef5d7213108bf90224c1534a137f276d11d9bf930119a,ecom-accel,26,3d386b5bcd88234cbd4717b1a7f050e7f6a3e028697249ff5c562a750ea908c3,30a15f2ce74d717ef144cd9bcb9c11a7a0feccc60dbb93c5b1dbe40575a1b50e,,,2022-11-17 10:21:34.516000+00:00,2022-11-17,,EUR,40.0,True,False,False,add_to_cart
f0372250-3da1-49e7-9592-6df1c1abf8c3,ada9ee4c-b913-44c3-aeaf-5e64b4a21fec,9681591f679e7c40886ef5d7213108bf90224c1534a137f276d11d9bf930119a,ecom-accel,33,3d386b5bcd88234cbd4717b1a7f050e7f6a3e028697249ff5c562a750ea908c3,30a15f2ce74d717ef144cd9bcb9c11a7a0feccc60dbb93c5b1dbe40575a1b50e,,,2022-11-17 10:21:59.668000+00:00,2022-11-17,,EUR,15.0,True,False,False,add_to_cart
f431cf8e-0075-43ed-858d-618d51a88825,f7ef33fc-fbc1-4f9c-ba72-1878ae131cd0,9681591f679e7c40886ef5d7213108bf90224c1534a137f276d11d9bf930119a,ecom-accel,21,3d386b5bcd88234cbd4717b1a7f050e7f6a3e028697249ff5c562a750ea908c3,30a15f2ce74d717ef144cd9bcb9c11a7a0feccc60dbb93c5b1dbe40575a1b50e,,,2022-11-17 10:19:35.749000+00:00,2022-11-17,,EUR,25.0,True,False,False,add_to_cart
87284568-e924-4d55-98a5-bbf42fdaa2e3,1120bfc3-32a5-4e58-bbf4-e2c30c516390,f21445f11cb280df17b3146f6a408b7f5d088db7d457eded2cef912ae27bca7f,ecom-accel,7,bbecf0b10c1c4fd610643c2f4b34f71a50d7aa2be7a6f01fe6e28536f77841e6,30a15f2ce74d717ef144cd9bcb9c11a7a0feccc60dbb93c5b1dbe40575a1b50e,,,2022-11-17 10:22:46.973000+00:00,2022-11-17,,EUR,25.0,True,False,False,add_to_cart
1f3d870d-357c-4e55-b2c7-8f8848db829e,e576a56a-5726-4d81-b992-58994611a514,f21445f11cb280df17b3146f6a408b7f5d088db7d457eded2cef912ae27bca7f,ecom-accel,2,bbecf0b10c1c4fd610643c2f4b34f71a50d7aa2be7a6f01fe6e28536f77841e6,30a15f2ce74d717ef144cd9bcb9c11a7a0feccc60dbb93c5b1dbe40575a1b50e,,,2022-11-17 10:22:24.315000+00:00,2022-11-17,,EUR,15.0,True,False,False,add_to_cart
1012864d-3d25-4cb7-a96e-b39faaa97811,8d0d7f58-9736-4938-b9fe-b20b5d93ef5d,f21445f11cb280df17b3146f6a408b7f5d088db7d457eded2cef912ae27bca7f,ecom-accel,8,bbecf0b10c1c4fd610643c2f4b34f71a50d7aa2be7a6f01fe6e28536f77841e6,30a15f2ce74d717ef144cd9bcb9c11a7a0feccc60dbb93c5b1dbe40575a1b50e,,,2022-11-17 10:23:12.117000+00:00,2022-11-17,,EUR,25.0,True,False,False,add_to_cart
79c390d4-3dd8-4af8-9d1a-483c33c5f4b4,154f0c55-2951-41ba-a72d-f5ae4615e0bc,e5b6c9069923fc09c221e6ab2e4e5f55886fb960b494fd2b5742524b033afad9,ecom-accel,4,a94020f9bacc2dac3ba99feb0b2fd543c9bcbbe8d2b0c646f023b5887ce78f63,30a15f2ce74d717ef144cd9bcb9c11a7a0feccc60dbb93c5b1dbe40575a1b50e,,U12345,2022-11-17 10:23:31.839000+00:00,2022-11-17,,EUR,25.0,,False,False,remove_from_cart
73ab95c9-76b2-4ba4-aee9-b2bd8ac4aa41,154f0c55-2951-41ba-a72d-f5ae4615e0bc,e5b6c9069923fc09c221e6ab2e4e5f55886fb960b494fd2b5742524b033afad9,ecom-accel,3,a94020f9bacc2dac3ba99feb0b2fd543c9bcbbe8d2b0c646f023b5887ce78f63,30a15f2ce74d717ef144cd9bcb9c11a7a0feccc60dbb93c5b1dbe40575a1b50e,,U12345,2022-11-17 10:23:30.775000+00:00,2022-11-17,,EUR,40.0,True,False,False,add_to_cart
a64a0af6-639e-4735-b06c-7cc4e2ca0c17,93b789ed-6c3a-4457-aa93-cfc33ec4d4b4,0a42e1e29bd84c4f87003cb8c4c7098e31a93eed89b10f10c83e0c9c3810318d,ecom-accel,6,31cb1a4bfecf9361e583c5da7ec9ad7153d2bec1e588dd7f0e1676ea4b58d8b8,7141d54f67eefe8231c3eb8026403e43ffa6fff228f195c1115f9ddc8da543e6,,U12345,2022-12-22 13:25:42.138000+00:00,2022-12-22,,,,,,True,transaction
bc8487ac-ea8d-4eff-9a44-3505855d44f9,0ab5e078-d494-4e84-b1ff-a0bb74ab9f51,0a42e1e29bd84c4f87003cb8c4c7098e31a93eed89b10f10c83e0c9c3810318d,ecom-accel,29,31cb1a4bfecf9361e583c5da7ec9ad7153d2bec1e588dd7f0e1676ea4b58d8b8,7141d54f67eefe8231c3eb8026403e43ffa6fff228f195c1115f9ddc8da543e6,,,2022-12-22 13:26:12.871000+00:00,2022-12-22,,,,,,True,transaction
79314f8f-3979-4e1b-afcf-0ddf02526778,bfee255f-6897-430b-929c-ba494b7247be,0a42e1e29bd84c4f87003cb8c4c7098e31a93eed89b10f10c83e0c9c3810318d,ecom-accel,35,31cb1a4bfecf9361e583c5da7ec9ad7153d2bec1e588dd7f0e1676ea4b58d8b8,7141d54f67eefe8231c3eb8026403e43ffa6fff228f195c1115f9ddc8da543e6,,U12345,2022-12-22 13:26:33.432000+00:00,2022-12-22,,,,,,True,transaction
fb602fa9-3e70-4818-924c-9a3b54ecba36,95d07e04-7e0f-4c2e-b6da-ef56d3301e91,0a42e1e29bd84c4f87003cb8c4c7098e31a93eed89b10f10c83e0c9c3810318d,ecom-accel,3,31cb1a4bfecf9361e583c5da7ec9ad7153d2bec1e588dd7f0e1676ea4b58d8b8,7141d54f67eefe8231c3eb8026403e43ffa6fff228f195c1115f9ddc8da543e6,,U12345,2022-12-22 13:25:37.018000+00:00,2022-12-22,,EUR,12.0,True,False,False,add_to_cart
39c33001-c6d8-4967-9f1d-aa9e5723e536,5cdaf5a3-7910-41d4-87f6-8f60eed251de,0a42e1e29bd84c4f87003cb8c4c7098e31a93eed89b10f10c83e0c9c3810318d,ecom-accel,26,31cb1a4bfecf9361e583c5da7ec9ad7153d2bec1e588dd7f0e1676ea4b58d8b8,7141d54f67eefe8231c3eb8026403e43ffa6fff228f195c1115f9ddc8da543e6,,,2022-12-22 13:26:08.133000+00:00,2022-12-22,,EUR,12.0,True,False,False,add_to_cart
46ed81b5-b645-4d6e-b2c7-2f3236052bdb,d7a4f72c-8762-4abf-afb3-8f6cc7c0d0f6,0a42e1e29bd84c4f87003cb8c4c7098e31a93eed89b10f10c83e0c9c3810318d,ecom-accel,32,31cb1a4bfecf9361e583c5da7ec9ad7153d2bec1e588dd7f0e1676ea4b58d8b8,7141d54f67eefe8231c3eb8026403e43ffa6fff228f195c1115f9ddc8da543e6,,U12345,2022-12-22 13:26:28.371000+00:00,2022-12-22,,EUR,25.2,True,False,False,add_to_cart
1ef7b4a6-cea9-43e9-8470-2d5d629e7bef,12cdbb26-391d-4f66-af71-cddaa2d90fbd,0a42e1e29bd84c4f87003cb8c4c7098e31a93eed89b10f10c83e0c9c3810318d,ecom-accel,11,31cb1a4bfecf9361e583c5da7ec9ad7153d2bec1e588dd7f0e1676ea4b58d8b8,7141d54f67eefe8231c3eb8026403e43ffa6fff228f195c1115f9ddc8da543e6,,,2022-12-22 13:25:50.750000+00:00,2022-12-22,,EUR,25.2,True,False,False,add_to_cart
9602543b-c3d3-4c9a-b9ff-8108e5bba2b4,12cdbb26-391d-4f66-af71-cddaa2d90fbd,0a42e1e29bd84c4f87003cb8c4c7098e31a93eed89b10f10c83e0c9c3810318d,ecom-accel,12,31cb1a4bfecf9361e583c5da7ec9ad7153d2bec1e588dd7f0e1676ea4b58d8b8,7141d54f67eefe8231c3eb8026403e43ffa6fff228f195c1115f9ddc8da543e6,,,2022-12-22 13:25:54.296000+00:00,2022-12-22,,EUR,13.2,True,False,False,add_to_cart
135b0300-c54f-435d-bcf8-076b70a0229a,12cdbb26-391d-4f66-af71-cddaa2d90fbd,0a42e1e29bd84c4f87003cb8c4c7098e31a93eed89b10f10c83e0c9c3810318d,ecom-accel,13,31cb1a4bfecf9361e583c5da7ec9ad7153d2bec1e588dd7f0e1676ea4b58d8b8,7141d54f67eefe8231c3eb8026403e43ffa6fff228f195c1115f9ddc8da543e6,,,2022-12-22 13:25:55.904000+00:00,2022-12-22,,EUR,0.0,,True,False,remove_from_cart
ab06d353-d71a-4e3a-88d5-92e4b92043d4,d40fc217-6e92-4447-adf0-52d975788391,c04bddd7-81ad-4f02-a468-f53a47079637,DemoID,7,a16349a5-b57e-4afe-9737-87cd074b9edd,ddf7533c449cae8b02d73cd0c815594a2f1f49709999b0e237d92cb21bdbaa0b,,ecomm_user_id,2022-11-20 11:53:01.347,2022-11-20,,,,,,TRUE,transaction
11b3a24b-deda-4871-aa6b-d6142cb126fd,d40fc217-6e92-4447-adf0-52d975788391,c04bddd7-81ad-4f02-a468-f53a47079637,DemoID,4,a16349a5-b57e-4afe-9737-87cd074b9edd,ddf7533c449cae8b02d73cd0c815594a2f1f49709999b0e237d92cb21bdbaa0b,,ecomm_user_id,2022-11-20 11:53:01.336,2022-11-20,,GBP,123.45,FALSE,FALSE,FALSE,add_to_cart
5a079040-ba3f-40f8-8e45-fc80070d1b5d,d40fc217-6e92-4447-adf0-52d975788391,c04bddd7-81ad-4f02-a468-f53a47079637,DemoID,5,a16349a5-b57e-4afe-9737-87cd074b9edd,ddf7533c449cae8b02d73cd0c815594a2f1f49709999b0e237d92cb21bdbaa0b,,ecomm_user_id,2022-11-20 11:53:01.340,2022-11-20,,GBP,43.21,,FALSE,FALSE,remove_from_cart
